{"cameraMode":{"drawMode":0,"name":"Shaded","section":"Shading Mode"},"sceneLighting":true,"audioPlay":false,"sceneViewState":{"m_AlwaysRefresh":false,"showFog":true,"showSkybox":true,"showFlares":true,"showImageEffects":true,"showParticleSystems":true,"showVisualEffectGraphs":true,"m_FxEnabled":true},"in2DMode":false,"pivot":{"x":-36.95297622680664,"y":0.8850473165512085,"z":-2.2633590698242189},"rotation":{"x":0.025453632697463037,"y":-0.05844765529036522,"z":0.0014907236909493805,"w":0.9979650378227234},"size":2.713122844696045,"orthographic":true}