{"cameraMode":{"drawMode":0,"name":"Shaded","section":"Shading Mode"},"sceneLighting":true,"audioPlay":false,"sceneViewState":{"m_AlwaysRefresh":false,"showFog":true,"showSkybox":true,"showFlares":true,"showImageEffects":true,"showParticleSystems":true,"showVisualEffectGraphs":true,"m_FxEnabled":true},"in2DMode":false,"pivot":{"x":-37.6290168762207,"y":0.7695666551589966,"z":-2.3803939819335939},"rotation":{"x":0.025482093915343286,"y":-0.03448191285133362,"z":0.0008794667082838714,"w":0.9990800619125366},"size":1.8592844009399415,"orthographic":true}