{"cameraMode":{"drawMode":0,"name":"Shaded","section":"Shading Mode"},"sceneLighting":true,"audioPlay":false,"sceneViewState":{"m_AlwaysRefresh":false,"showFog":true,"showSkybox":true,"showFlares":true,"showImageEffects":true,"showParticleSystems":true,"showVisualEffectGraphs":true,"m_FxEnabled":true},"in2DMode":false,"pivot":{"x":18.9768123626709,"y":0.45091867446899416,"z":1.2795066833496094},"rotation":{"x":0.140525221824646,"y":-0.01039557158946991,"z":0.0014755416195839644,"w":0.9900186061859131},"size":6.260832786560059,"orthographic":true}